Assembly,Probability,Entropy
push,0.0,0.0
mov,0.0,0.0
lea,0.2727272727272727,0.5112188503407658
call,0.0,0.0
pop,0.0,0.0
ret,0.0,0.0
nopl,0.0,0.0
%rbp,0.0,0.0
%rsp,0.0,0.0
0x2fa6(%rip),0.0,0.0
1080<_ZNSt8ios_base4InitC1Ev@plt>,0.0,0.0
0x2f31(%rip),0.0,0.0
0x2f93(%rip),0.0,0.0
0x2f83(%rip),0.0,0.0
1040 <__cxa_atexit@plt>,0.0,0.0
0x0(%rax),0.0,0.0
%rbp,0.0,0.0
%rdi,0.0,0.0
%rsi,0.0,0.0
%rdx,0.0,0.0
push,0.0,0.0
mov,0.0,0.0
call,0.0,0.0
pop,0.0,0.0
ret,0.0,0.0
nopl,0.0,0.0
%rbp,0.3333333333333333,0.5283208335737187
%rsp,0.0,0.0
10b0 <__cxx_global_var_init>,0.0,0.0
"0x0(%rax,%rax,1)",0.0,0.0
%rbp,0.0,0.0
 ,0.0,0.0
endbr64,0.0,0.0
xor,0.0,0.0
mov,0.0,0.0
pop,0.0,0.0
and,0.0,0.0
push,0.0,0.0
lea,0.0,0.0
call,0.0,0.0
hlt,0.0,0.0
cs,0.0,0.0
,0.0,0.0
%ebp,0.0,0.0
%rdx,0.0,0.0
%rsi,0.0,0.0
%rsp,0.0,0.0
$0xfffffffffffffff0,0.0,0.0
%rax,0.0,0.0
%r8d,0.0,0.0
%ecx,0.0,0.0
0xd1(%rip),0.0,0.0
*0x2eb3(%rip),0.0,0.0
nopw,0.0,0.0
%ebp,0.0,0.0
%r9,0.0,0.0
%rdx,0.0,0.0
%rsp,0.0,0.0
%r8d,0.0,0.0
%ecx,0.0,0.0
%rdi,0.0,0.0
"0x0(%rax,%rax,1)",0.0,0.0
lea,0.0,0.0
cmp,0.0,0.0
je,0.0,0.0
mov,0.0,0.0
test,0.0,0.0
jmp,0.0,0.0
nopl,0.0,0.0
ret,0.0,0.0
0x2f39(%rip),0.0,0.0
0x2f32(%rip),0.0,0.0
%rdi,0.0,0.0
1148 <deregister_tm_clones+0x28>,0.0,0.0
0x2e9e(%rip),0.0,0.0
%rax,0.0,0.0
*%rax,0.0,0.0
0x0(%rax),0.0,0.0
%rdi,0.0,0.0
%rax,0.3636363636363636,0.530702406777199
lea,0.0,0.0
sub,0.0,0.0
mov,0.0,0.0
shr,0.0,0.0
sar,0.0,0.0
add,0.0,0.0
je,0.0,0.0
test,0.0,0.0
jmp,0.0,0.0
nopw,0.0,0.0
ret,0.0,0.0
nopl,0.0,0.0
0x2f09(%rip),0.0,0.0
0x2f02(%rip),0.0,0.0
%rdi,0.0,0.0
%rsi,0.0,0.0
$0x3f,0.0,0.0
$0x3,0.0,0.0
%rax,0.0,0.0
1188 <register_tm_clones+0x38>,0.0,0.0
0x2e75(%rip),0.0,0.0
*%rax,0.0,0.0
"0x0(%rax,%rax,1)",0.0,0.0
0x0(%rax),0.0,0.0
%rdi,0.0,0.0
%rsi,0.25,0.5
%rax,0.25,0.5
endbr64,0.0,0.0
cmpb,0.0,0.0
jne,0.0,0.0
push,0.0,0.0
cmpq,0.0,0.0
mov,0.0,0.0
je,0.0,0.0
call,0.0,0.0
movb,0.0,0.0
pop,0.0,0.0
ret,0.0,0.0
nopl,0.0,0.0
$0x0,0.0,0.0
11c8 <__do_global_dtors_aux+0x38>,0.0,0.0
%rbp,0.0,0.0
%rsp,0.0,0.0
11b7 <__do_global_dtors_aux+0x27>,0.0,0.0
0x2ea6(%rip),0.0,0.0
10a0 <__cxa_finalize@plt>,0.0,0.0
1120 <deregister_tm_clones>,0.0,0.0
$0x1,0.0,0.0
(%rax),0.0,0.0
0x0(%rax),0.0,0.0
0x2ec5(%rip),0.0,0.0
0x2e12(%rip) ,0.0,0.0
%rbp,0.0,0.0
%rdi,0.0,0.0
0x2e9d(%rip) ,0.0,0.0
endbr64,0.3333333333333333,0.5283208335737187
jmp,0.3333333333333333,0.5283208335737187
nopl,0.3333333333333333,0.5283208335737187
1150 <register_tm_clones>,0.3333333333333333,0.5283208335737187
0x0(%rax),0.3333333333333333,0.5283208335737187
push,0.0,0.0
mov,0.3358208955223881,0.5286613748937641
sub,0.0,0.0
movl,0.0,0.0
lea,0.0,0.0
call,0.2462686567164179,0.4978801294498323
movsbl,0.0,0.0
add,0.0,0.0
ja,0.0,0.0
movslq,0.0,0.0
jmp,0.0,0.0
movsd,0.0,0.0
addsd,0.0,0.0
subsd,0.0,0.0
mulsd,0.0,0.0
xorps,0.0,0.0
ucomisd,0.0,0.0
jne,0.0,0.0
jp,0.0,0.0
divsd,0.0,0.0
xor,0.0,0.0
pop,0.0,0.0
ret,0.0,0.0
%rbp,0.0,0.0
%rsp,0.0,0.0
$0x30,0.0,0.0
$0x0,0.0,0.0
0x2dda(%rip),0.0,0.0
%rdi,0.0,0.0
0xe1b(%rip),0.0,0.0
1050 <_ZStlsISt11char_traitsIcEERSt13basic_ostreamIcT_ES5_PKc@plt>,0.0,0.0
0x2dd3(%rip),0.0,0.0
-0x5(%rbp),0.0,0.0
1070 <_ZStrsIcSt11char_traitsIcEERSt13basic_istreamIT_T0_ES6_RS3_@plt>,0.0,0.0
-0x30(%rbp),0.0,0.0
0xe18(%rip),0.0,0.0
-0x28(%rbp),0.0,0.0
-0x10(%rbp),0.0,0.0
1030 <_ZNSirsERd@plt>,0.0,0.0
%rax,0.0,0.0
-0x18(%rbp),0.0,0.0
$0xffffffd6,0.0,0.0
%eax,0.0,0.0
%rcx,0.0,0.0
$0x5,0.0,0.0
1434 <main+0x254>,0.0,0.0
-0x20(%rbp),0.0,0.0
0xda0(%rip),0.0,0.0
"(%rcx,%rax,4)",0.0,0.0
*%rax,0.0,0.0
0x2d57(%rip),0.0,0.0
1090 <_ZNSolsEd@plt>,0.0,0.0
0xdc9(%rip),0.0,0.0
0xdb1(%rip),0.0,0.0
0x2cfb(%rip),0.0,0.0
1060 <_ZNSolsEPFRSoS_E@plt>,0.0,0.0
1456 <main+0x276>,0.0,0.0
0x2cf5(%rip),0.0,0.0
0xd6f(%rip),0.0,0.0
0xd4f(%rip),0.0,0.0
0x2c99(%rip),0.0,0.0
0x2c93(%rip),0.0,0.0
0xd11(%rip),0.0,0.0
0xced(%rip),0.0,0.0
0x2c37(%rip),0.0,0.0
%xmm1,0.0,0.0
13d2 <main+0x1f2>,0.0,0.0
0x2c1e(%rip),0.0,0.0
0xca8(%rip),0.0,0.0
0x2bf8(%rip),0.0,0.0
142f <main+0x24f>,0.0,0.0
0x2bf2(%rip),0.0,0.0
0xc8c(%rip),0.0,0.0
0xc4c(%rip),0.0,0.0
0x2b96(%rip),0.0,0.0
0x2b95(%rip),0.0,0.0
0xc3b(%rip),0.0,0.0
0x2b6f(%rip),0.0,0.0
%rbp,0.0,0.0
%rsp,0.0,0.0
-0x4(%rbp),0.0,0.0
%rdi,0.208955223880597,0.4719743247403337
-0x30(%rbp),0.0,0.0
%rsi,0.0,0.0
-0x28(%rbp),0.0,0.0
%eax,0.0,0.0
%ecx,0.0,0.0
-0x20(%rbp),0.0,0.0
%rax,0.0,0.0
%rcx,0.0,0.0
%xmm0,0.0,0.0
%rdi ,0.0,0.0
%rsi ,0.0,0.0
 ,0.0,0.0
%xmm0 ,0.0,0.0
%xmm1 ,0.0,0.0
